{
	"parent": "item/handheld",
	"textures": {
		"layer0": "item/golden_sword"
	},
	"overrides": [
		{ "predicate": {"custom_model_data": 1}, "model": "item/wax_blade"},
		{ "predicate": {"custom_model_data": 2}, "model": "item/wax_spear"},
		{ "predicate": {"custom_model_data": 3}, "model": "item/angelic_sword"},
		{ "predicate": {"custom_model_data": 4}, "model": "item/angelic_spear"},
		{ "predicate": {"custom_model_data": 5}, "model": "item/ring_blade"},
		{ "predicate": {"custom_model_data": 6}, "model": "item/demon_sword"},
		{ "predicate": {"custom_model_data": 7}, "model": "item/broken_sword"},
		{ "predicate": {"custom_model_data": 8}, "model": "item/glitch_sword"},
		{ "predicate": {"custom_model_data": 9}, "model": "item/demon_pitchfork"},
		{ "predicate": {"custom_model_data": 10}, "model": "item/inverted_sword"},
		{ "predicate": {"custom_model_data": 11}, "model": "item/twin_blade"},
		{ "predicate": {"custom_model_data": 12}, "model": "item/prismatic_sword"},
		{ "predicate": {"custom_model_data": 255}, "model": "item/golden_sword"}
	]
}
